{
    "loss": 0.2105075865983963,
    "accuracy": 0.9509803652763367
}